Metal;lrs;lifespan;Sexo;Morph;nacimiento;SEX01;MORPH01;prodBIRTHyr;windBIRTHyr;ala;X9ala;Cola;Tarso;Peso;Moscas;edad_dias;layingJULIANnest;Dist
1;3;NA;M;B;NA;1;0;NA;NA;NA;NA;NA;NA;NA;NA;NA;NA;NA
2;6;10;M;N;NA;1;1;1.64;-0.06246138;NA;NA;NA;NA;NA;NA;NA;NA;NA
3;0;NA;M;B;NA;1;0;NA;NA;NA;NA;NA;NA;NA;NA;NA;NA;NA
4;4;8;M;B;2007;1;0;1.64;-0.06246138;141;68;49;37.19;350;0;NA;11;2071.43
5;14;10;H;B;2007;0;0;1.64;-0.06246138;85;26;12;34.85;260;0;NA;15;3250.06
6;7;8;M;B;2011;1;0;1.79;-1.552280924;129;60;32;33.6;320;1;19.59;17;439.62
7;7;8;M;B;2011;1;0;1.79;-1.552280924;129;60;32;33.6;320;1;19.59;22;439.62
8;3;10;M;B;2011;1;0;1.79;-1.552280924;103;36;22;33.18;262;0;15.97;12;230.21
9;2;7;M;N;2011;1;1;1.79;-1.552280924;137;63;44;35.97;322;0;28.93;12;368.29
10;2;7;M;N;2011;1;1;1.79;-1.552280924;137;63;44;35.97;322;0;28.93;21;368.29
11;4;11;H;B;2009;0;0;1.68;-1.245007128;173;94;68;NA;372.5;0;26.74;26;896.64
12;4;11;H;B;2009;0;0;1.68;-1.245007128;173;94;68;NA;372.5;0;26.74;20;896.64
13;4;11;H;B;2009;0;0;1.68;-1.245007128;173;94;68;NA;372.5;0;26.74;22;896.64
14;10;13;M;B;2009;1;0;1.68;-1.245007128;172;91;71;35.77;405;2;26.57;22;3361.72
15;10;13;M;B;2009;1;0;1.68;-1.245007128;172;91;71;35.77;405;2;26.57;29;3361.72
16;10;13;M;B;2009;1;0;1.68;-1.245007128;172;91;71;35.77;405;2;26.57;11;3361.72
17;6;6;M;N;2009;1;1;1.68;-1.245007128;203;119;NA;36.91;NA;3;31.61;11;1555.41
18;17;14;M;B;2009;1;0;1.68;-1.245007128;185;104.5;81.5;34.58;405.5;0;28.69;16;451.81
19;2;6;M;N;2009;1;1;1.68;-1.245007128;222.7;144.8;NA;NA;375;NA;34.81;33;3527.15
20;5;7;M;B;2009;1;0;1.68;-1.245007128;198;113;92;36.51;415;3;30.8;14;61.72
21;5;NA;M;B;NA;1;0;NA;NA;NA;NA;NA;NA;NA;NA;NA;NA;NA
22;7;7;M;B;2009;1;0;1.68;-1.245007128;163;81.5;59.5;35.88;355;0;25.11;27;108.85
23;8;9;M;N;2010;1;1;2.21;-1.40250537;211;128;102;36;430;NA;32.91;11;850.78
24;2;3;M;B;2010;1;0;2.21;-1.40250537;183;NA;NA;NA;420;NA;28.36;14;253.44
25;3;6;M;B;2010;1;0;2.21;-1.40250537;176;NA;NA;NA;402.5;NA;27.22;14;1019.82
26;4;9;M;B;2010;1;0;2.21;-1.40250537;189;108;85;NA;472.5;NA;29.33;14;1317.98
27;3;9;M;B;2010;1;0;2.21;-1.40250537;198;114;89;NA;430;NA;37.95;13;1225.7
28;11;10;M;N;2010;1;1;2.21;-1.40250537;240;163.5;126.5;NA;380;NA;37.61;21;421.45
29;1;6;H;B;2009;0;0;1.68;-1.245007128;123;50.5;30.5;32.86;229;0;18.62;22;2765.19
30;1;3;M;B;2009;1;0;1.68;-1.245007128;174;95;71;NA;398.5;2;26.9;29;584.76
31;4;7;M;B;2009;1;0;1.68;-1.245007128;193;111;85;34.57;367.5;4;29.98;19;842.61
32;4;7;M;B;2009;1;0;1.68;-1.245007128;190;120.5;90;33.2;306;0;29.5;20;1130.61
33;4;6;H;B;2009;0;0;1.68;-1.245007128;185;104;74;35.65;353;1;28.69;20;1747.42
34;1;5;M;B;2009;1;0;1.68;-1.245007128;190;113.5;87;35.32;320;0;29.5;20;1922.27
35;3;6;M;N;2009;1;1;1.68;-1.245007128;200;117;NA;35.54;412;NA;31.12;25;638.24
36;5;6;H;B;2009;0;0;1.68;-1.245007128;209;127;NA;NA;459;NA;32.58;26;3143.78
37;5;6;H;B;2009;0;0;1.68;-1.245007128;201;119;87;35.41;312;3;31.28;20;725.77
38;8;12;H;B;2009;0;0;1.68;-1.245007128;173;91;70;35.67;401;1;26.74;26;736.78
39;4;8;M;B;2009;1;0;1.68;-1.245007128;126;54;36;34.22;242;0;19.11;26;111.76
40;11;13;M;B;2009;1;0;1.68;-1.245007128;221;140;108;37.75;388;0;34.53;18;2290.77
41;4;3;H;B;2009;0;0;1.68;-1.245007128;188;107;73;37.37;338;0;29.17;21;1652.46
42;4;10;M;B;2009;1;0;1.68;-1.245007128;166;97;69;37.05;400;0;25.61;24;1596.14
43;0;5;M;B;2009;1;0;1.68;-1.2450071;240;160;128;36.35;412;1;NA;NA;173
44;9;9;M;N;2010;1;1;2.21;-1.40250537;190;114;85;NA;355;0;NA;19;104.65
45;2;5;M;B;2010;1;0;2.21;-1.40250537;215;138;100.5;NA;420;NA;33.56;20;978.92
46;12;10;M;N;2010;1;1;2.21;-1.40250537;153;78;56;NA;400;NA;23.49025974;15;NA
47;2;7;M;B;2010;1;0;2.21;-1.40250537;207;130;102.5;NA;452;NA;32.26;22;747.82
48;2;7;M;B;2010;1;0;2.21;-1.40250537;210;127.5;99;NA;422;NA;32.74;21;44.5
49;0;4;M;N;2010;1;1;2.21;-1.40250537;175.5;98.5;71;NA;370;0;NA;25;1174.8
50;13;13;M;B;2010;1;0;2.21;-1.40250537;232;151;118.5;NA;400;NA;36.31;17;651.07
51;5;9;M;B;2010;1;0;2.21;-1.40250537;187;108;82;35.3;425;NA;29.97;14;64.12
52;2;5;H;N;2010;0;1;2.21;-1.40250537;235;146;113;NA;485;NA;36.8;17;170.58
53;4;NA;M;N;NA;1;1;NA;NA;NA;NA;NA;NA;NA;NA;NA;17;NA
54;7;9;M;N;2010;1;1;2.21;-1.40250537;179;101;62;NA;360;NA;27.71;21;766.8
55;7;9;M;B;2010;1;0;2.21;-1.40250537;209;122;101;NA;445;NA;32.58;23;2.83
56;7;8;M;B;2010;1;0;2.21;-1.40250537;198.5;120;92;NA;438;NA;38.77;23;155.43
57;12;11;H;N;2010;0;1;2.21;-1.40250537;221.5;139;105;NA;453;NA;34.61;28;1436.98
58;4;7;M;B;2010;1;0;2.21;-1.40250537;211;133.5;104;36.12;425;5;32.91;23;2451.9
59;1;7;M;B;NA;1;0;2.21;-1.40250537;NA;NA;NA;NA;NA;NA;NA;NA;NA
60;20;12;M;B;2010;1;0;2.21;-1.40250537;159;84.5;61;38.3;370;2;24.46;28;347.24
61;1;2;M;B;NA;1;0;2.21;-1.40250537;NA;NA;NA;NA;NA;NA;NA;NA;NA
62;3;5;M;B;NA;1;0;2.21;-1.40250537;NA;NA;NA;NA;NA;NA;NA;NA;NA
63;8;9;M;B;2009;1;0;1.68;-1.40250537;NA;NA;NA;NA;NA;NA;NA;NA;NA
64;1;6;H;B;NA;0;0;1.68;-1.245007128;NA;NA;NA;NA;NA;NA;NA;NA;NA
65;7;11;M;B;2011;1;0;1.79;-1.552280924;143;74.5;48;34.02;290;1;21.87;15;196.16
66;1;7;M;N;2011;1;1;1.79;-1.552280924;109;50;26;33.49;215;2;16.59;20;116.61
67;2;4;M;B;2011;1;0;1.79;-1.552280924;151;NA;NA;NA;361;NA;23.17;23;87.32
68;5;7;M;B;2011;1;0;1.79;-1.552280924;94;27;18;31.36;180;1;15.46;35;2055.4
69;2;3;M;B;2012;1;0;1.23;0.60649199;160;80;61;34.03;330;2;24.63;18;138
70;3;6;H;B;2012;0;0;1.23;0.60649199;140;63;45;35.81;320;0;21.38;24;3409.92
71;3;9;M;B;2012;1;0;1.23;0.60649199;152;65;52;35.97;385;1;23.33;22;3140.47
72;12;7;M;B;2012;1;0;1.23;0.60649199;179;97;80;35;355;5;27.71;20;2492.72
73;5;10;M;B;2012;1;0;1.23;0.60649199;228;115;112;34.44;390;3;35.67;28;3118.27
74;3;6;M;N;2007;1;1;1.64;-0.06246138;146;72;52;35.84;405;3;22.35;24;2527.8
75;3;13;H;N;2007;0;1;1.64;-0.06246138;180;101;81;36.42;450;5;27.87;19;125.92
76;6;10;M;B;2007;1;0;1.64;-0.06246138;166;92;64;35.54;NA;5;25.6;18;534.69
77;3;NA;H;B;NA;0;0;NA;NA;NA;NA;NA;NA;NA;NA;NA;NA;NA
78;10;NA;H;N;NA;0;1;NA;NA;NA;NA;NA;NA;NA;NA;NA;NA;NA
79;5;NA;H;B;NA;0;0;NA;NA;NA;NA;NA;NA;NA;NA;NA;NA;NA
80;0;9;H;B;2012;0;0;1.23;0.60649199;143;66;45;36.15;390;0;21.87;15;1381.93
81;5;7;H;B;2012;0;0;1.23;0.60649199;147;64;48;35.75;390;0;22.52;19;3593.96
82;6;10;H;B;2012;0;0;1.23;0.60649199;176;90;70;36.19;370;0;27.22;21;522.23
83;8;11;H;B;2012;0;0;1.23;0.60649199;230;146;113;35.09;412.5;5;35.99;24;139.09
84;17;NA;H;B;NA;0;0;NA;NA;NA;NA;NA;NA;NA;NA;NA;NA;NA
85;4;NA;H;N;NA;0;1;NA;NA;NA;NA;NA;NA;NA;NA;NA;NA;NA
86;9;NA;H;B;NA;0;0;NA;NA;NA;NA;NA;NA;NA;NA;NA;NA;NA
87;3;NA;H;B;NA;0;0;NA;NA;NA;NA;NA;NA;NA;NA;NA;NA;NA
88;3;NA;H;B;NA;0;0;NA;NA;NA;NA;NA;NA;NA;NA;NA;NA;NA
89;3;NA;H;B;NA;0;0;NA;NA;NA;NA;NA;NA;NA;NA;NA;NA;NA
90;5;NA;H;B;NA;0;0;NA;NA;NA;NA;NA;NA;NA;NA;NA;NA;NA
91;1;NA;H;B;NA;0;0;NA;NA;NA;NA;NA;NA;NA;NA;NA;NA;NA
92;3;NA;H;B;NA;0;0;NA;NA;NA;NA;NA;NA;NA;NA;NA;NA;NA
93;5;NA;H;B;NA;0;0;NA;NA;NA;NA;NA;NA;NA;NA;NA;NA;NA
94;6;NA;H;B;NA;0;0;NA;NA;NA;NA;NA;NA;NA;NA;NA;NA;NA
95;6;14;H;B;2007;0;0;1.64;-0.06246138;113;47;33;36.01;390;3;NA;15;1156.6
96;8;NA;H;N;NA;0;1;NA;NA;NA;NA;NA;NA;NA;NA;NA;NA;NA
97;10;14;H;B;2007;0;0;1.64;-0.06246138;157;83;59;34.98;370;NA;24.14;15;3476.22
98;5;7;H;B;2007;0;0;1.64;-0.06246138;153;72;48;37.74;445;NA;23.49;16;1036.4
99;2;NA;H;B;NA;0;0;NA;NA;NA;NA;NA;NA;NA;NA;NA;NA;NA
100;2;NA;H;B;NA;0;0;NA;NA;NA;NA;NA;NA;NA;NA;NA;NA;NA
101;8;7;H;N;NA;0;1;1.79;-1.552280924;NA;NA;NA;NA;NA;NA;NA;NA;NA
102;14;10;H;B;2011;0;0;1.79;-1.552280924;132;60;33.5;34.96;365;0;28.12;10;2234.2
103;8;9;M;B;2011;1;0;1.79;-1.552280924;184;NA;NA;NA;442.5;NA;28.52;15;110.49
104;4;6;H;B;2011;0;0;1.79;-1.552280924;138;64;45.5;34.15;378;4;21.55;15;2402.57
105;16;NA;H;B;NA;0;0;NA;NA;NA;NA;NA;NA;NA;NA;NA;NA;NA
106;4;NA;H;B;NA;0;0;NA;NA;NA;NA;NA;NA;NA;NA;NA;NA;NA
107;4;NA;H;B;NA;0;0;NA;NA;NA;NA;NA;NA;NA;NA;NA;NA;NA
108;2;4;H;B;NA;0;0;1.68;-1.245007128;NA;NA;NA;NA;NA;NA;NA;NA;NA
109;2;4;H;N;2009;0;1;1.68;-1.245007128;179;100;73;36.94;465;1;27.71;12;1009.02
110;1;8;H;B;2009;0;0;1.68;-1.245007128;185;100;73;39;477.5;1;28.69;13;675.01
111;1;3;H;B;2009;0;0;1.68;-1.245007128;194.5;111;84;36.31;461.5;2;32.27;14;110.54
112;4;8;H;B;2009;0;0;1.68;-1.245007128;179;98.5;66.5;35.52;403;2;27.71;14;2645.7
113;1;3;H;B;2009;0;0;1.68;-1.245007128;173;94;67;38.09;490;0;26.74;14;3239.91
114;2;8;H;B;2009;0;0;1.68;-1.245007128;170;86;65;38.12;489;0;26.25;17;783.3
115;4;3;H;B;2009;0;0;1.68;-1.245007128;227;129;97;35.57;520;3;35.5;10;1626.3
116;3;6;H;B;2009;0;0;1.68;-1.245007128;196;121;94;34.5;454;3;34.78;16;2214.67
117;3;9;H;B;2009;0;0;1.68;-1.245007128;176;101.5;76;36.12;406;0;27.22;19;2070.41
118;0;4;M;B;2009;1;0;1.68;-1.245007128;160;90;63.5;33.19;296;0;24.63;20;145.46
119;11;10;M;N;2009;1;1;1.68;-1.245007128;162;86.5;60;36.73;415;0;24.95;32;2762.2
120;1;9;H;B;2009;0;0;1.68;-1.245007128;179;92;69;36.42;435;4;NA;19;449.03
121;4;9;H;B;2009;0;0;1.68;-1.245007128;150.5;76;54.5;35.52;350;0;NA;27;3401.57
122;2;2;H;B;2009;0;0;1.68;-1.245007128;192.5;110.5;81.5;35.85;390;0;NA;23;850.03
123;3;2;H;B;NA;0;0;2.21;-1.40250537;NA;NA;NA;NA;NA;NA;NA;NA;NA
124;3;NA;H;B;NA;0;0;NA;NA;NA;NA;NA;NA;NA;NA;NA;NA;NA
125;3;NA;H;B;NA;0;0;2.21;-1.40250537;NA;NA;NA;NA;NA;NA;NA;NA;NA
126;2;5;H;N;2010;0;1;2.21;-1.40250537;248;164.5;161;NA;455;NA;38.91;10;3471.47
127;2;8;H;B;2010;0;0;2.21;-1.40250537;197;113;82;NA;432.5;NA;36.33;16;2428
128;15;13;H;B;2010;0;0;2.21;-1.40250537;176;97;72;NA;440;NA;27.22;13;1291.22
129;3;13;M;B;2009;1;0;1.68;-1.245007128;185;100;87;34.34;425;1;28.69;16;2598.83
130;1;3;H;B;2009;0;0;1.68;-1.245007128;202;114;89;36.2;390;5;31.44;15;2739.03
131;6;NA;H;B;NA;0;0;NA;NA;NA;NA;NA;NA;NA;NA;NA;NA;NA
132;6;NA;H;B;NA;0;0;2.21;-1.40250537;NA;NA;NA;NA;NA;NA;NA;NA;NA
133;11;10;H;B;2010;0;0;2.21;-1.40250537;210;130.5;95;NA;490;NA;32.74;23;719.76
134;0;5;H;B;2010;0;0;2.21;-1.40250537;195;107;83;NA;480;NA;33.84;16;682.4
135;18;13;M;B;2010;1;0;2.21;-1.40250537;210;134.5;101.5;NA;408;NA;32.74;21;2335.73
136;13;13;H;B;2010;0;0;2.21;-1.40250537;211;131;102;NA;445;NA;32.91;23;2314.95
137;13;13;H;N;2010;0;1;2.21;-1.40250537;211;131;102;NA;445;NA;32.91;23;2314.95
138;3;6;H;B;2010;0;0;2.21;-1.40250537;236;159.5;122.5;NA;460;NA;36.96;17;838.82
139;2;5;H;B;2010;0;0;2.21;-1.40250537;208.5;122;93;NA;460;NA;32.5;19;2616.25
140;2;5;M;B;2010;1;0;2.21;-1.40250537;201;122;96;NA;430;NA;31.28;23;77.32
141;12;10;M;B;2010;1;0;2.21;-1.40250537;197;119;91;35.7;415;NA;36.33;15;302.42
142;6;12;H;B;2010;0;0;2.21;-1.40250537;170;94;65;36;400;NA;NA;15;1065.44
143;6;13;H;B;2010;0;0;2.21;-1.40250537;215;137;98.5;NA;452;NA;33.56;25;650.66
144;0;3;M;B;2010;1;0;2.21;-1.40250537;170;92.5;68;36.22;427;7;26.25;30;1086.83
145;15;12;H;B;2011;0;0;1.79;-1.552280924;196;NA;NA;NA;405;NA;34.78;20;597.96
146;7;12;M;B;2011;1;0;1.79;-1.552280924;143;69;47;33.67;355;2;21.87;18;349.71
147;0;3;M;B;2011;1;0;1.79;-1.552280924;86;29;11;30.24;196;0;14.22;22;1150.78
148;2;4;H;B;2011;0;0;1.79;-1.552280924;195;NA;NA;NA;412;NA;33.84;20;121.25
149;7;8;H;B;2011;0;0;1.79;-1.552280924;162;81;53;34.12;410;9;24.95;19;1035.16
150;4;10;H;B;2011;0;0;1.79;-1.552280924;188;NA;NA;NA;435;NA;29.17;21;459.92
151;4;5;H;B;2013;0;0;1.57;0.290908371;194;109;76;36.23;450;2;30.15;14;2069.69
152;4;10;M;B;2013;1;0;1.57;0.290908371;200;121;96;36.58;387.5;0;31.12;20;134.81
153;4;6;H;B;2013;0;0;1.57;0.290908371;173;90;65;35.69;425;0;26.74;21;626.14
154;3;5;H;B;2013;0;0;1.57;0.290908371;235;148;114;34.2;480;7;36.8;15;1306.79
155;7;8;M;N;2013;1;1;1.57;0.290908371;195;113;91;34.58;430;7;33.84;22;781.6
156;4;NA;H;B;NA;0;0;NA;NA;NA;NA;NA;NA;NA;NA;NA;NA;NA
157;8;8;M;B;2013;1;0;1.57;0.290908371;249;169;133;34.83;375;3;39.75;18;658.67
158;5;9;H;B;2013;0;0;1.57;0.290908371;156;72;56;35.93;455;8;23.98;11;1224.85
159;15;9;H;N;2013;0;1;1.57;0.290908371;165;80;57;35.9;370;6;25.44;12;3255.35
160;2;2;H;B;2013;0;0;1.57;0.290908371;209;124;98;35.62;515;1;32.58;13;358
161;3;6;M;B;2013;1;0;1.57;0.290908371;240;155;125;36.24;420;5;37.61;20;1087.85
162;1;NA;M;B;NA;1;0;NA;NA;NA;NA;NA;NA;NA;NA;NA;22;NA
163;1;4;M;B;2013;1;0;1.57;0.290908371;208;131;103;34.41;335;2;32.42;24;451.22
164;4;8;M;B;2015;1;0;1.32;-0.387763242;242;NA;NA;NA;400;NA;37.94;18;86.62
165;11;8;H;B;2015;0;0;1.32;-0.387763242;178;94;64;35.68;450;5;27.55;16;841.04
166;9;7;M;N;2015;1;1;1.32;-0.387763242;184;106;79;34.5;370;0;28.52;15;691.07
167;12;8;M;N;2015;1;1;1.32;-0.387763242;158;77;58;33.66;322.5;1;24.3;22;10.05
168;3;3;M;B;2015;1;0;1.32;-0.387763242;170;87;70;34.33;320;3;26.25;20;2890.73
169;7;8;H;B;2015;0;0;1.32;-0.387763242;163;82;59;35.41;261;2;25.11;23;458.12
170;10;8;H;B;2015;0;0;1.32;-0.387763242;206;117;91;33.7;410;10;32.94;16;926.16
171;0;6;H;B;2015;0;0;1.32;-0.387763242;205;NA;NA;NA;415;NA;31.93;23;236.33
172;4;4;H;N;2015;0;1;1.32;-0.387763242;196;116;80;34.57;432.5;3;34.78;24;1045.49
173;7;7;H;B;2015;0;0;1.32;-0.387763242;246;161;118;33.75;417.5;0;38.59;20;3302.15
174;3;5;H;B;2016;0;0;2.11;-2.954813904;144;68;50;35.88;290;0;22.29;14;1804.39
175;6;7;M;N;2016;1;1;2.11;-2.954813904;106;34;20;33.06;305;1;16.28;19;322.36
176;2;7;M;B;2016;1;0;2.11;-2.954813904;173;90;73;34.09;410;1;26.74;20;897.43
177;3;7;M;B;2016;1;0;2.11;-2.954813904;148;84;60;33.8;317.5;1;22.68;22;614.42
178;9;7;H;N;2016;0;1;2.11;-2.954813904;186;105;83;34.22;462.5;7;28.85;21;2539.72
179;8;7;H;B;2016;0;0;2.11;-2.954813904;197;124;91;34.23;470;3;36.33;20;2434.98
180;1;5;M;B;2016;1;0;2.11;-2.954813904;188;102;87;35.29;412.5;3;29.17;20;1739.17
181;2;5;H;B;2016;0;0;2.11;-2.954813904;236;163;123;36.04;510;6;36.96;13;2207.33
182;2;3;M;B;2016;1;0;2.11;-2.954813904;176;111;75;34.04;372.5;5;27.22;24;74.67
183;2;7;M;N;2016;1;1;2.11;-2.954813904;184;112;79;34.89;445;2;28.52;18;994.51
184;4;5;H;B;2016;0;0;2.11;-2.954813904;228;145;107;37.08;510;0;35.67;16;546.52
185;6;7;H;B;2016;0;0;2.11;-2.954813904;207;122;96;36.57;465;2;32.26;19;843.93
186;5;7;M;B;2016;1;0;2.11;-2.954813904;193;114;87;35.77;430;1;29.98;23;1203.96
187;5;7;H;B;2016;0;0;2.11;-2.954813904;193;114;87;35.77;430;1;29.98;23;1203.96
188;3;7;M;B;2016;1;0;2.11;-2.954813904;170;96;66;35.71;367.5;2;26.25;23;183.22
189;1;5;M;B;2016;1;0;2.11;-2.954813904;181;111;80;33.83;395;1;28.36;19;558.68
190;1;3;H;B;2016;0;0;2.11;-2.954813904;188;112;80;35.15;370;4;29.17;22;3290.23
191;1;3;H;B;2016;0;0;2.11;-2.954813904;193;109;81;37.83;435;2;29.98;23;471.06
192;2;3;M;B;2016;1;0;2.11;-2.954813904;178;105;74;34.46;410;5;27.55;25;346.28
193;3;4;M;N;2016;1;1;2.11;-2.954813904;189;118;89;32.06;437.5;2;29.33;19;410.97
194;2;5;M;B;2016;1;0;2.11;-2.954813904;220;138;104;34.93;385;0;34.37;19;528.61
195;7;7;M;B;2016;1;0;2.11;-2.954813904;224;141;110;36.46;410;4;35.16;19;440.42
196;6;6;M;N;2016;1;1;2.11;-2.954813904;187;114;91;33.8;400;1;29.97;25;644.61
197;2;3;H;B;2016;0;0;2.11;-2.954813904;190;115;83;35.35;390;2;29.5;25;2064.99
198;5;6;H;B;2016;0;0;2.11;-2.954813904;191;113;85;36.8;460;4;29.66;25;2432.97
199;3;6;M;B;2016;1;0;2.11;-2.954813904;172;99;69;33.98;360;7;26.57;24;145.48
200;2;7;H;B;2016;0;0;2.11;-2.954813904;201;115;83;36.57;490;6;31.28;23;2804.71
201;2;7;H;B;2016;0;0;2.11;-2.954813904;189;108;75;36.59;425;7;29.33;25;1052.83
202;2;7;M;B;2016;1;0;2.11;-2.954813904;165;88;65;34.83;410;10;25.44;23;436.28
203;0;7;H;B;2016;0;0;2.11;-2.954813904;183;105;81;33.9;450;0;28.36;27;421.8
204;4;5;M;N;2016;1;1;2.11;-2.954813904;221;140;114;33.92;405;1;34.53;22;1014.47
205;2;NA;M;N;NA;1;1;2.12;-3.232740274;NA;NA;NA;NA;NA;NA;NA;NA;NA
206;3;NA;M;B;NA;1;0;NA;NA;NA;NA;NA;NA;NA;NA;NA;NA;NA
207;3;NA;H;B;NA;0;0;NA;NA;NA;NA;NA;NA;NA;NA;NA;NA;NA
208;1;4;M;B;2017;1;0;2.12;-3.232740274;171;95;73;35.55;410;3;26.41;12;442.65
209;7;6;M;B;2017;1;0;2.12;-3.232740274;222;146;109;36.65;430;2;34.69;10;474.34
210;4;6;M;N;2017;1;1;2.12;-3.232740274;210;127;93;37.85;450;6;32.74;12;1856.13
211;4;6;M;B;2017;1;0;2.12;-3.232740274;210;120;96;36.21;480;4;32.74350649;12;NA
212;7;6;H;B;2017;0;0;2.12;-3.232740274;181;105;80;35.45;470;1;28.36;17;456.84
213;1;4;H;B;2017;0;0;2.12;-3.232740274;159;79;55;35.1;455;1;24.46;21;161.86
214;1;4;H;B;2017;0;0;2.12;-3.232740274;151;71;46;35.08;480;0;23.17;21;2618.44
215;1;6;M;B;2017;1;0;2.12;-3.232740274;90;29;14.5;31.95;265;0;14.63;21;761.92
216;7;6;H;B;2017;0;0;2.12;-3.232740274;168;91.5;60;37.93;535;3;25.93;16;2013.08
217;1;4;H;B;2017;0;0;2.12;-3.232740274;182;103;87;34.82;470;0;28.2;18;1218.94
218;1;4;M;B;2017;1;0;2.12;-3.232740274;212;134;101;36.69;435;2;33.68;11;203.76
219;3;6;M;B;2017;1;0;2.12;-3.232740274;181;106;73;35.45;430;0;28.36;18;144.13
220;1;4;M;B;2017;1;0;2.12;-3.232740274;195;111;87;37.07;410;5;33.84;16;1033.45
221;3;6;M;B;2017;1;0;2.12;-3.232740274;133.5;64;44.5;36.64;370;0;23.25;20;73.99
222;5;5;M;B;2017;1;0;2.12;-3.232740274;209;134;102;33.81;445;0;32.58;14;162.01
223;1;3;M;B;2017;1;0;2.12;-3.232740274;217;140;109;34.32;450;7;33.88;12;334.77
224;2;6;M;N;2017;1;1;2.12;-3.232740274;196;120;90;34.94;412;1;34.78;15;333.9
225;2;6;M;B;2017;1;0;2.12;-3.232740274;193;113;78;35.97;475;2;29.98;17;1736.81
226;4;5;M;B;2017;1;0;2.12;-3.232740274;143;66.5;51;36.06;395;2;21.87;26;832.77
227;1;6;H;B;2017;0;0;2.12;-3.232740274;130.5;NA;35;34.64;360;1;19.84;25;729.75
228;2;4;M;B;2017;1;0;2.12;-3.232740274;189;109;80;35.01;465;2;29.33;20;438.26
229;4;5;H;B;2017;0;0;2.12;-3.232740274;180;100;78.5;35.43;465;4;27.87;22;758.34
230;2;6;M;B;2017;1;0;2.12;-3.232740274;207;125;98;35.05;420;3;32.26;17;610.4
231;0;6;M;B;2017;1;0;2.12;-3.232740274;224;144;108;35.24;440;2;35.16;15;377.98
232;1;5;H;B;2017;0;0;2.12;-3.232740274;155;81.5;53;34.78;420;2;23.81;25;653.43
233;2;6;M;B;2017;1;0;2.12;-3.232740274;199;124;91;35.08;435;5;39.58;20;1036.83
234;3;5;M;B;2017;1;0;2.12;-3.232740274;188;116;81;34.67;440;2;29.17;20;495.28
235;3;6;H;B;2017;0;0;2.12;-3.232740274;165;83;63;33.79;438;1;25.44;26;725.24
236;6;6;M;B;2017;1;0;2.12;-3.232740274;207;128;91;37.55;460;2;32.26;20;3405.52
237;2;6;M;B;2017;1;0;2.12;-3.232740274;194;118;91.5;36.11;400;5;30.15;22;266.79
238;1;6;H;B;2017;0;0;2.12;-3.232740274;155;80;51;35.12;360;6;23.81;30;211.44
239;6;6;M;B;2017;1;0;2.12;-3.232740274;149;73;53;35.13;335;0;22.85;31;2046.5
240;4;6;H;B;2017;0;0;2.12;-3.232740274;148;70;47;36.46;440;1;22.68;32;2375.58
241;3;6;H;B;2017;0;0;2.12;-3.232740274;175;96;70;35.49;440;0;27.62;26;2184.05
242;1;2;H;B;2017;0;0;2.12;-3.232740274;214;133;97.5;35.39;525;4;33.39285714;21;NA
243;3;6;H;B;2017;0;0;2.12;-3.232740274;196;113;87;34.09;490;6;30.47077922;26;NA
244;9;5;M;B;2018;1;0;1.53;-1.85072484;166;100;78;36.28;330;3;26;12;490.82
245;3;5;H;B;2018;0;0;1.53;-1.85072484;144;77;53;37.1;350;17;22;21;814.04
246;0;4;H;B;2018;0;0;1.53;-1.85072484;161;86;61;36.89;485;6;25;20;NA
247;1;4;M;B;2018;1;0;1.53;-1.85072484;141;84;63;35.37;390;3;22;20;690.43
248;1;2;H;B;2018;0;0;1.53;-1.85072484;179;106;82;38.25;410;3;28;15;1441.66
249;0;3;H;B;2018;0;0;1.53;-1.85072484;171;95;77;34.86;450;9;26;21;2507.63
250;2;5;H;N;2018;0;1;1.53;-1.85072484;138;66;45;34.26;375;6;21;26;666.85
251;1;4;M;B;2018;1;0;1.53;-1.85072484;191;120;95;35.35;415;8;30;19;193.35
252;3;5;H;B;2018;0;0;1.53;-1.85072484;163;89;64;37.57;465;1;25;25;1765.59
253;2;5;M;B;2018;1;0;1.53;-1.85072484;145;80;56;36.02;405;3;22;28;27.86
254;4;5;H;B;2018;0;0;1.53;-1.85072484;170;94;62;37.1;415;1;26;24;2344.31
255;0;3;M;N;2018;1;1;1.53;-1.85072484;189;107;85;36.41;395;4;29;23;454.21
256;2;5;M;N;2018;1;1;1.53;-1.85072484;164;79;59;37.8;405;1;25;28;96.95
257;2;5;H;B;2018;0;0;1.53;-1.85072484;163;72;52;36.29;385;1;25;28;3564.85
258;3;5;M;B;2018;1;0;1.53;-1.85072484;173;100;69;33.73;380;1;27;26;502.36
259;1;5;M;B;2018;1;0;1.53;-1.85072484;154;73;55;35.34;420;5;24;33;997.14
260;2;5;H;B;2018;0;0;1.53;-1.85072484;203;119;95;36.38;490;2;32;38;921.52
261;1;4;M;B;2019;1;0;1.98;-1.910949707;193;112;88;34.49;405;0;30;11;452.12
262;2;3;M;B;2019;1;0;1.98;-1.910949707;188;108;88;36.48;425;0;29;11;376.49
263;0;4;H;N;2019;0;1;1.98;-1.910949707;148;67;44;36.19;390;0;23;17;9.7
264;1;4;H;B;2019;0;0;1.98;-1.910949707;204;118;95;36.45;495;2;32;11;933.71
265;2;2;H;B;2019;0;0;1.98;-1.910949707;210;127;97;35.49;455;9;33;8;2777.73
266;0;3;M;B;2019;1;0;1.98;-1.910949707;189;110;82;36.74;455;2;29;12;280.57
267;4;4;H;B;2019;0;0;1.98;-1.910949707;198;116;88;34.02;510;4;31;12;1168.27
268;0;3;H;B;2019;0;0;1.98;-1.910949707;202;119;90;35.45;490;6;31;14;1546.28
269;0;2;H;B;2019;0;0;1.98;-1.910949707;210;122;90;35.66;465;5;33;14;593.82
270;1;3;H;B;2019;0;0;1.98;-1.910949707;173;88;61;36.37;445;5;27;14;1954.01
271;1;4;H;B;2019;0;0;1.98;-1.910949707;163;84;59;35.26;470;3;25;18;3036.77
272;3;4;M;B;2019;1;0;1.98;-1.910949707;202;124;95;34.91;400;1;31;17;256.77
273;2;4;M;B;2019;1;0;1.98;-1.910949707;216;120;100;35.2;400;16;34;18;403.97
274;0;2;H;B;2019;0;0;1.98;-1.910949707;126;51;34;33.24;305;3;19;33;1912.11
275;2;4;H;B;2019;0;0;1.98;-1.910949707;159;76;53;34.69;355;4;24;24;2306.59
276;1;4;M;B;2019;1;0;1.98;-1.910949707;211;123;102;35.14;395;2;33;20;420.21
277;1;4;M;B;2019;NA;0;1.98;-1.910949707;211;122;98;36.74;400;4;33;20;1102.2
278;1;4;M;B;2019;1;0;1.98;-1.910949707;211;122;98;36.74;400;4;33;20;1102.2
279;0;2;M;B;2019;1;0;1.98;-1.910949707;182;105;84;35.04;385;4;28;24;2028.32
280;0;3;M;B;2019;1;0;1.98;-1.910949707;162;87;67;36.15;350;6;25;29;255.89
281;2;4;M;B;2019;1;0;1.98;-1.910949707;187;112;85;35.59;410;3;29;21;259.14
282;0;4;M;B;2019;1;0;1.98;-1.910949707;153;80;50;34.9;250;0;23;23;1821.45
283;3;4;M;B;2019;1;0;1.98;-1.910949707;197;122;95;33.86;325;2;31;24;32.66
284;1;3;H;B;2019;0;0;1.98;-1.910949707;213;134;105;36.52;405;1;33;22;861.93
285;3;4;H;N;2019;0;1;1.98;-1.910949707;190;109;83;36.17;395;2;30;25;589.09
286;1;4;M;B;2019;1;0;1.98;-1.910949707;150;80;53;34.73;285;0;23;25;635.25
287;1;3;M;B;2019;1;0;1.98;-1.910949707;156;77;61;33.57;315;5;24;32;2324.52
288;1;4;M;B;2019;1;0;1.98;-1.910949707;196;107;91;35.43;405;6;30;26;785.96
289;5;4;M;N;2019;1;1;1.98;-1.910949707;221;138;108;33.94;415;0;35;22;1606.74
290;2;NA;H;B;NA;0;0;NA;NA;NA;NA;NA;NA;NA;NA;NA;29;NA
291;0;4;M;B;2019;1;0;1.98;-1.910949707;161;85;63;33.53;335;1;25;29;709.15
292;2;3;H;B;2019;0;0;1.98;-1.910949707;189;105;73;34.66;435;4;29;29;1531.67
293;2;4;H;B;2019;0;0;1.98;-1.910949707;234;154;118;35.79;475;4;37;20;305.09
294;0;4;M;N;2019;1;1;1.98;-1.910949707;224;142;110;34.73;430;16;35;23;184.5
295;1;4;M;B;2019;1;0;1.98;-1.910949707;151;76;54;33.62;330;4;23;34;1395.84
296;0;2;H;B;2019;0;0;1.98;-1.910949707;190;114;90;34.01;470;4;29;30;1973.62
297;1;4;M;N;2019;1;1;1.98;-1.910949707;184;108;76;33.62;370;2;29;27;213.24
298;0;4;H;B;2019;0;0;1.98;-1.910949707;169;89;66;34.03;380;3;26;34;1844.3
299;1;3;H;B;2020;0;0;1.83;-1.075666206;159;67;51;36.92;395;0;24;11;752.99
300;1;3;H;B;2020;0;0;1.83;-1.075666206;194;119;88;34.75;300;2;30;19;798.98
301;1;3;M;B;2020;1;0;1.83;-1.075666206;194;122;91;35.99;245;1;30;20;535.35
302;4;3;M;B;2020;1;0;1.83;-1.075666206;271;178;140;34.97;395;2;40;22;145.97